{"cameraMode":{"drawMode":0,"name":"Shaded","section":"Shading Mode"},"sceneLighting":true,"audioPlay":false,"sceneViewState":{"showFog":true,"showMaterialUpdate":false,"showSkybox":true,"showFlares":true,"showImageEffects":true,"showParticleSystems":true},"in2DMode":false,"pivot":{"x":717.1619262695313,"y":99.70856475830078,"z":1171.0052490234375},"rotation":{"x":-0.10206760466098786,"y":-0.03520991653203964,"z":0.003615223802626133,"w":-0.9941511750221252},"size":785.5692138671875,"orthographic":false}